id,code,name,type,districtId,nirfRank,establishedYear,address,website,createdAt,coordinates
hei_iitism_01,IITISM-DHN,Indian Institute of Technology (ISM) Dhanbad,Central/National,dhanbad,15,1926,"Police Line, Sardar Patel Nagar, Dhanbad, Jharkhand 826004",https://www.iitism.ac.in,1926-12-09,"23.8143, 86.4412"
hei_nitjsr_02,NITJSR,National Institute of Technology Jamshedpur,Central/National,east-singhbhum,86,1960,"Adityapur, Jamshedpur, Jharkhand 831014",https://www.nitjsr.ac.in,1960-08-15,"22.7770, 86.1441"
hei_bitmesra_03,BITMESRA,"Birla Institute of Technology, Mesra",Deemed University,ranchi,53,1955,"Mesra, Ranchi, Jharkhand 835215",https://www.bitmesra.ac.in,1955-07-15,"23.4123, 85.4399"
hei_niamt_04,NIAMT-RNC,"National Institute of Advanced Manufacturing Technology, Ranchi",Central/National,ranchi,120,1966,"Near Khunti Road, Hatia, Ranchi, Jharkhand 834003",https://www.niamt.ac.in,1966-01-01,"23.3101, 85.3134"
hei_iiitranchi_05,IIITRNC,Indian Institute of Information Technology Ranchi,Central/National,ranchi,175,2016,"ARTTC BSNL Campus, Namkum, Ranchi, Jharkhand 834010",https://www.iiitranchi.ac.in,2016-07-01,"23.3441, 85.3850"
hei_bitsindri_06,BITSINDRI,"Birsa Institute of Technology, Sindri",State Government,dhanbad,201,1949,"PO Sindri Institute, Dhanbad, Jharkhand 828123",https://www.bitsindri.ac.in,1949-11-03,"23.6534, 86.4704"
hei_ucet_07,UCET-VBU,"University College of Engineering and Technology, VBU",State Government,hazaribagh,,2009,"VBU Campus, Hazaribagh, Jharkhand 825301",https://www.vbu.ac.in,2009-08-01,"23.9937, 85.3611"
hei_kuengg_08,KU-ENGG,"Faculty of Engineering, Kolhan University",State Government,west-singhbhum,,2009,"NH 75, Chaibasa, West Singhbhum, Jharkhand 833202",https://www.kolhanuniversity.ac.in,2009-08-13,"22.5487, 85.8118"
hei_cec_09,CEC-CHAIBASA,Chaibasa Engineering College,Government-PPP,west-singhbhum,,2013,"Bistumpur, PO Jhinkpani, Chaibasa, Jharkhand 833215",https://www.chaibasaengg.edu.in,2013-08-01,"22.4561, 85.7335"
hei_rec_10,REC-RAMGARH,Ramgarh Engineering College,Government-PPP,ramgarh,,2013,"Murubanda, PO Barkipona, Ramgarh, Jharkhand 825101",https://www.ramgarhengineeringcollege.org,2013-08-01,"23.6180, 85.5901"
hei_dec_11,DEC-DUMKA,Dumka Engineering College,Government-PPP,dumka,,2013,"Near S.P. College Ground, Dumka, Jharkhand 814101",https://www.dumkaengg.edu.in,2013-08-01,"24.2831, 87.2435"
hei_gpsilli_12,GP-SILLI,Government Polytechnic Silli,Government-PPP,ranchi,,2013,"Tuti Silli, Silli, Ranchi, Jharkhand 835102",http://www.sillipolytechnic.ac.in,2013-08-01,"23.3468, 85.8504"
hei_gppakur_13,GP-PAKUR,Government Polytechnic Pakur,Government-PPP,pakur,,2013,"Sweet City, Baghabari, Pakur, Jharkhand 816107",https://www.pakurpolytechnic.ac.in,2013-08-01,"24.6360, 87.8480"
hei_gpchandil_14,GP-CHANDIL,Government Polytechnic Chandil,Government-PPP,seraikela-kharsawan,,2017,"Gaurangdih, Chandil, Seraikela Kharsawan, Jharkhand 832401",https://www.chandilpolytechnic.ac.in,2017-08-01,"22.9555, 86.0465"
hei_gpgumla_15,GP-GUMLA,Government Polytechnic Gumla,Government-PPP,gumla,,2017,"Chandali, Gumla, Jharkhand 835207",https://www.gumlapolytechnic.ac.in,2017-08-01,"23.0480, 84.5420"
hei_gpgola_16,GP-GOLA,Government Polytechnic Gola,Government-PPP,ramgarh,,2017,"Gola, Ramgarh, Jharkhand 829110",https://www.golapolytechnic.ac.in,2017-08-01,"23.5350, 85.7180"
hei_gpadityapur_17,GP-ADITYAPUR,"Government Polytechnic, Adityapur",State Government,seraikela-kharsawan,,1980,"Adityapur Industrial Area, Jamshedpur, Jharkhand 831013",http://gpadityapur.ac.in,1980-01-01,"22.7915, 86.1662"
hei_gpranchi_18,GP-RANCHI,"Government Polytechnic, Ranchi",State Government,ranchi,,1935,"Church Road, Karbala Chowk, Ranchi, Jharkhand 834001",http://gpranchi.ac.in,1935-01-01,"23.3654, 85.3340"
hei_gpdhanbad_19,GP-DHANBAD,"Government Polytechnic, Dhanbad",State Government,dhanbad,,1958,"Polytechnic Road, Dhanbad, Jharkhand 828104",http://gpdhanbad.ac.in,1958-01-01,"23.8052, 86.4385"
hei_gpnirsa_20,GP-NIRSA,"Government Polytechnic, Nirsa",State Government,dhanbad,,2017,"Nirsa, Dhanbad, Jharkhand 828205",http://gpnirsa.ac.in,2017-08-01,"23.7845, 86.7110"
hei_gpbhaga_21,GP-BHAGA,"Government Polytechnic, Bhaga (Mining Institute)",State Government,dhanbad,,1905,"Bhaga, Dhanbad, Jharkhand 828301",http://gpbhaga.ac.in,1905-01-01,"23.7310, 86.4420"
hei_gpkharsawan_22,GP-KHARSAWAN,"Government Polytechnic, Kharsawan",State Government,seraikela-kharsawan,,2006,"Kharsawan, Seraikela Kharsawan, Jharkhand 833220",http://gpkharsawan.ac.in,2006-08-01,"22.7940, 85.8260"
hei_gpdumka_23,GP-DUMKA,"Government Polytechnic, Dumka",State Government,dumka,,1958,"Kurwa, Dumka, Jharkhand 814101",http://gpdumka.ac.in,1958-01-01,"24.2690, 87.2510"
hei_gplatehar_24,GP-LATEHAR,"Government Polytechnic, Latehar",State Government,latehar,,2006,"By-Pass Road, Latehar, Jharkhand 829206",http://gplatehar.ac.in,2006-08-01,"23.7430, 84.4980"
hei_gpkoderma_25,GP-KODERMA,"Government Polytechnic, Koderma",State Government,koderma,,1958,"Jhumri Telaiya, Koderma, Jharkhand 825409",http://gpkoderma.ac.in,1958-01-01,"24.4350, 85.5290"
hei_gpkhunti_26,GP-KHUNTI,"Government Polytechnic, Khunti",State Government,khunti,,2017,"Khunti, Jharkhand 835210",http://gpkhunti.ac.in,2017-08-01,"23.0780, 85.2760"
hei_gpsimdega_27,GP-SIMDEGA,"Government Polytechnic, Simdega",State Government,simdega,,2017,"Simdega, Jharkhand 835223",http://gpsimdega.ac.in,2017-08-01,"22.6160, 84.5050"
hei_gpsahibganj_28,GP-SAHIBGANJ,"Government Polytechnic, Sahibganj",State Government,sahibganj,,2017,"Sahibganj, Jharkhand 816109",http://gpsahibganj.ac.in,2017-08-01,"25.2420, 87.6430"
hei_gpgarhwa_29,GP-GARHWA,"Government Polytechnic, Garhwa",State Government,garhwa,,2017,"Garhwa, Jharkhand 822114",http://gpgarhwa.ac.in,2017-08-01,"24.1610, 83.8090"
hei_gpbokaro_30,GP-BOKARO,"Government Polytechnic, Jainamore, Bokaro",State Government,bokaro,,2017,"Jainamore, Bokaro, Jharkhand 829301",http://gpbokaro.ac.in,2017-08-01,"23.6330, 85.9920"
hei_gwpranchi_31,GWP-RANCHI,"Government Women's Polytechnic, Ranchi",State Government,ranchi,,1974,"Tharpakhna, Ranchi, Jharkhand 834001",http://gwpranchi.ac.in,1974-01-01,"23.3712, 85.3305"
hei_gwpjamshedpur_32,GWP-JAMSHEDPUR,"Government Women's Polytechnic, Jamshedpur",State Government,east-singhbhum,,1987,"Gamharia, Jamshedpur, Jharkhand 832108",http://gwpjamshedpur.ac.in,1987-01-01,"22.7925, 86.1265"
hei_gwpbokaro_33,GWP-BOKARO,"Government Women's Polytechnic, Bokaro",State Government,bokaro,,1987,"Sector 8, Bokaro Steel City, Jharkhand 827009",http://gwpbokaro.ac.in,1987-01-01,"23.6660, 86.1520"
hei_gwpdumka_34,GWP-DUMKA,"Government Women's Polytechnic, Dumka",State Government,dumka,,2014,"Dumka, Jharkhand 814101",http://gwpdumka.ac.in,2014-08-01,"24.2650, 87.2480"
hei_alkabir_35,AL-KABIR,Al-Kabir Polytechnic,Private,east-singhbhum,,1990,"Kabir Nagar, Mango, Jamshedpur, Jharkhand 831012",https://www.alkabir.in,1990-01-01,"22.8250, 86.2080"
hei_citranchi_36,CIT-RANCHI,"Cambridge Institute of Technology, Ranchi",Private,ranchi,,2001,"Cambridge Village, Tatisilwai, Ranchi, Jharkhand 835103",https://www.citranchi.ac.in,2001-01-01,"23.3590, 85.4520"
hei_rvscet_37,RVSCET-JSR,RVS College of Engineering & Technology,Private,east-singhbhum,,2002,"Edalbera, PO Bhilaipahari, Jamshedpur, Jharkhand 831012",https://www.rvscet.com,2002-01-01,"22.8420, 86.2650"
hei_rtcit_38,RTCIT-RNC,RTC Institute of Technology,Private,ranchi,,2008,"Anandi, Ormanjhi, Ranchi, Jharkhand 835219",https://www.rtcit.ac.in,2008-01-01,"23.4730, 85.4920"
hei_kkcem_39,KKCEM-DHN,KK College of Engineering and Management,Private,dhanbad,,2010,"Naya Nirsa, PO Bagsumi, Dhanbad, Jharkhand 828205",http://www.kkbecon.org,2010-01-01,"23.7780, 86.7230"
hei_ggsestc_40,GGSESTC-BOK,Guru Gobind Singh Educational Society's Technical Campus,Private,bokaro,,2011,"Kandra, Chas, Bokaro, Jharkhand 827013",https://www.ggsestc.ac.in,2011-01-01,"23.6320, 86.0820"
hei_arkajain_41,AJU-ENGG,"School of Engineering & IT, Arka Jain University",Private,seraikela-kharsawan,,2017,"Opp. Kerala Public School, Mohanpur, Gamharia, Jamshedpur 832108",https://www.arkajainuniversity.ac.in,2017-01-01,"22.7905, 86.1210"
hei_ushamartin_42,UMU-ENGG,"Faculty of Engineering and Applied Sciences, Usha Martin University",Private,ranchi,,2012,"At Village Narayansoli, PO Tatisailei, Angara, Ranchi 835103",https://www.ushamartinuniversity.com,2012-01-01,"23.3610, 85.4560"
hei_mitm_43,MITM-JSR,Maryland Institute of Technology and Management,Private,east-singhbhum,,2011,"NH 33, Galudih, Ghatshila, East Singhbhum, Jharkhand 832304",http://mitmjamshedpur.ac.in,2011-01-01,"22.6840, 86.4180"
hei_bacet_44,BACET-JSR,B.A. College of Engineering & Technology,Private,east-singhbhum,,2007,"Ghutia, PO Mahulia, Jamshedpur, Jharkhand 832304",http://bacet.ac.in,2007-01-01,"22.6780, 86.4110"
